date,ticker,open,high,low,close,adj_close,volume
2026-06-22,7709.HK,10,11,9,10,10,1000
2026-06-23,7709.HK,10,12,10,11,11,1100
2026-06-24,7709.HK,11,13,11,12,12,1200
2026-06-25,7709.HK,12,13,11,12,12,1300
2026-06-26,7709.HK,12,14,12,13,13,1400
2026-06-22,NVDA,100,102,99,101,101,2000
2026-06-23,NVDA,101,103,100,102,102,2100
2026-06-24,NVDA,102,104,101,103,103,2200
2026-06-25,NVDA,103,105,102,104,104,2300
2026-06-26,NVDA,104,106,103,105,105,2400
